# City of Madrid holidays for 2026
# https://www.officeholidays.com/countries/spain/madrid/2026
---
- title: "New Year's Day"
  date: 01/01/2026
- title: "Epiphany"
  date: 06/01/2026
- title: "Holy Thursday"
  date: 02/04/2026
- title: "Good Friday"
  date: 03/04/2026
- title: "Labour day"
  date: 01/05/2026
- title: "Community Festival of Madrid"
  date: 02/05/2026
- title: "Feast of St. Isidro"
  date: 15/05/2026
- title: "Assumption Day"
  date: 15/08/2026
- title: "Hispanic Day"
  date: 12/10/2026
- title: "All Saints' Day"
  date: 01/11/2026
- title: "All Saints' Day (in lieu)"
  date: 02/11/2026
- title: "Our Lady of the Almudena"
  date: 09/11/2026
- title: "Constitution Day"
  date: 06/12/2026
- title: "Constitution Day (in lieu)"
  date: 07/12/2026
- title: "Day of the Immaculate Conception"
  date: 08/12/2026
- title: "Christmas Day"
  date: 25/12/2026